word;weight;number_of_words
abadi;5;1
absen;-3;1
abu-abu;-1;1
acuh;4;1
adil;5;1
aduh;-2;1
agresi;-5;1
aib;-5;1
ajaib;3;1
ajar;4;1
akal;4;1
alasan;-2;1
alibi;-4;1
alien;-1;1
aman;4;1
ambigu;-3;1
ambisi;-2;1
amoral;-5;1
anarki;-5;1
anarkis;-5;1
ancaman;-5;1
aneh;-2;1
anggun;4;1
angkuh;-5;1
anjing;-4;1
anomali;-3;1
antagoni;-4;1
anti-sosial;-4;1
antipati;-5;1
apes;-4;1
api;-1;1
arogan;-5;1
asam;-1;1
asap;-2;1
asing;-4;1
asli;4;1
asmara;4;1
astaga;-5;1
asyik;4;1
autentik;4;1
aversi;-4;1
awas;-4;1
awur;-4;1
ayam;1;1
ayu;4;1
azab;-5;1
babu;-5;1
bacot;-5;1
badai;-4;1
badut;-2;1
bagus;4;1
bahagia;4;1
bahaya;-4;1
baik;4;1
bail;-2;1
bajingan;-5;1
bakat;3;1
banci;-4;1
bandel;-4;1
bandit;-4;1
bangga;4;1
bangkrut;-5;1
banjir;-4;1
barbari;-5;1
basi;-4;1
batu;-1;1
bau;-4;1
baut;1;1
bawaan;-1;1
bawah;-1;1
bayaran;-3;1
beban;-2;1
bego;-5;1
bekas;-4;1
bekicot;-4;1
belahan;-1;1
benar;4;1
bencana;-4;1
benci;-5;1
bencong;-5;1
bendahara;-1;1
bengkok;-2;1
bening;3;1
bentrok;-4;1
beradab;5;1
beradaptasi;4;1
beragam;4;1
berani;4;1
berantakan;-4;1
berapi-api;1;1
berarti;3;1
berat;-2;1
berbagi;5;1
berbahaya;-4;1
berbakat;5;1
berbalik;1;1
berbaring;1;1
berbeda;1;1
berbisa;-4;1
berbohong;-5;1
berbuih;-1;1
bercanda;3;1
bercinta;4;1
berdalih;-3;1
berdarah;-2;1
berdaya;4;1
berdetak;1;1
berdosa;-4;1
berduka;-4;1
berduri;-2;1
bergembira;4;1
bergeming;-1;1
bergerak;4;1
bergulat;-2;1
bergumam;1;1
berguna;4;1
berharap;-1;1
berharga;4;1
berhasil;5;1
berhenti;-1;1
berisiko;-2;1
berjanji;-1;1
berjuang;4;1
berjudi;-5;1
berkabung;-3;1
berkaca;-4;1
berkarat;-3;1
berkat;3;1
berkelas;4;1
berkeliaran;-4;1
berkonspirasi;-5;1
berkualitas;4;1
berkubang;-2;1
berkurang;-2;1
berlagak;-4;1
berlebihan;-4;1
berlumpur;-1;1
bermain;3;1
bermain-main;-3;1
bermartabat;4;1
bermegah;-3;1
bermoral;5;1
bermusuhan;-4;1
bernafsu;-3;1
bernilai;4;1
bernyawa;4;1
berongga;-1;1
berpendapat;4;1
berpengaruh;3;1
berperang;-4;1
berprestasi;4;1
berpura-pura;-4;1
bersaing;1;1
bersalah;-3;1
bersantai;-1;1
bersedih;-2;1
berselisih;-4;1
bersemangat;4;1
bersenjata;-2;1
berserakan;-4;1
bersih;5;1
bersukacita;4;1
bersumpah;-1;1
bertabrakan;-2;1
bertengkar;-4;1
bertentangan;-2;1
berturut-turut;-1;1
berubah-ubah;-1;1
beruntung;4;1
berutang;-2;1
besar;3;1
betah;3;1
betul;4;1
biasa;-2;1
biaya;-2;1
bijak;4;1
bijaksana;5;1
bilangnya;-2;1
binasa;-4;1
binatang;-2;1
bingung;-3;1
bisanya;-2;1
blah;-3;1
blok;-1;1
blokir;-4;1
bloon;-4;1
blunder;-3;1
bocor;-3;1
bodoh;-4;1
bolos;-4;1
bom;-4;1
bonus;3;1
boros;-4;1
bosan;-4;1
brengsek;-5;1
brillian;5;1
brutal;-4;1
buang;-3;1
buangan;-4;1
buas;-3;1
buatan;-2;1
budek;-4;1
buktikan;2;1
bulu;-1;1
bundaran;1;1
bunga;4;1
buntung;-2;1
buritan;-1;1
buronan;-4;1
buruan;-3;1
buruk;-4;1
buruknya;-4;1
busuk;-5;1
buta;-2;1
cabul;-5;1
cacat;-4;1
cambuk;-1;1
canggung;-2;1
cantik;5;1
cantiknya;4;1
cawe-cawe;-2;1
cedera;-2;1
cekcok;-4;1
cekikikan;-3;1
celaan;-4;1
celaka;-4;1
celakalah;-5;1
celoteh;-1;1
cemas;-3;1
cemberut;-3;1
cemburu;-3;1
cemerlang;4;1
cemoohan;-4;1
cepat;4;1
cerah;4;1
cercaan;-4;1
cerdas;5;1
cerdik;4;1
ceria;4;1
ceroboh;-4;1
cetar;3;1
cinta;5;1
cium;3;1
cobaan;-3;1
cocok;3;1
cong;-4;1
congor;-5;1
corong;1;1
cukup;3;1
cuma;-2;1
curang;-4;1
cute;5;1
dahsyat;4;1
damai;5;1
dangkal;-2;1
dara;3;1
darurat;-2;1
dasar;-1;1
defensif;-3;1
defisit;-3;1
delusi;-3;1
delusional;-4;1
demam;-3;1
dendam;-5;1
dengki;-4;1
dewasa;4;1
diakui;3;1
diam;-1;1
dibatalkan;-3;1
dibebaskan;4;1
dibenarkan;3;1
dibodohi;-3;1
dibubarkan;-3;1
dicemburui;2;1
dicintai;4;1
diculik;-4;1
dicuri;-4;1
didukung;4;1
dihapus;-3;1
dihargai;4;1
dihindari;-4;1
dihormati;3;1
diinginkan;4;1
dijelaskan;4;1
dikagumi;4;1
dikenakan;-2;1
diktator;-4;1
dilanda;-3;1
dilema;-3;1
dilihatnya;1;1
dimainkan;1;1
dimanjakan;-3;1
dinamis;4;1
dingin;-1;1
dinyalakan;1;1
dipecat;-4;1
dipercaya;4;1
diperdebatkan;-3;1
diperparah;-4;1
dipertanyakan;-2;1
dipikirkan;2;1
dipilih;3;1
dipotong;-1;1
dipuji;3;1
dipukuli;-4;1
diragukan;-3;1
dirampas;-5;1
dirugikan;-4;1
disayangkan;-3;1
diskriminasi;-5;1
disukai;3;1
ditendang;-4;1
ditindas;-4;1
ditunggu;-1;1
diva;4;1
doakan;2;1
doang;-2;1
doank;-3;1
dodol;-4;1
dogmatis;-3;1
dominasi;-1;1
dosa;-4;1
drama;-2;1
duh;-4;1
dukung;3;1
dukungan;4;1
dungu;-4;1
duniawi;-3;1
dusta;-4;1
egois;-3;1
ekonomis;3;1
eksentrik;-1;1
eksis;1;1
elegan;4;1
eliminasi;-2;1
emas;4;1
emosi;-3;1
emosional;-4;1
enak;4;1
eneg;-4;1
enerjik;4;1
enggan;-4;1
epidemi;-3;1
erosi;-3;1
fanatik;-4;1
fantastis;4;1
fasis;-4;1
firasat;-1;1
fitnah;-4;1
gagal;-5;1
gagalnya;-3;1
gagap;-2;1
gaib;-1;1
gairah;-1;1
ganas;-3;1
ganggu;-4;1
gangguan;-4;1
ganteng;4;1
gedebuk;-2;1
gejala;-2;1
gejolak;-2;1
gelandangan;-3;1
gelap;-2;1
gelisah;-4;1
gemar;4;1
gembira;4;1
gembor;-4;1
gemes;3;1
gemetar;-3;1
gemetaran;-3;1
gempar;-3;1
gencarnya;-2;1
genting;-3;1
gerah;-4;1
geram;-4;1
gerilya;3;1
gerombolan;-3;1
gesit;3;1
getah;-2;1
gila;5;1
glamor;-4;1
glori;3;1
godaan;-3;1
gosip;-4;1
goyah;-3;1
grogi;-3;1
gugatan;-3;1
gunanya;3;1
gurun;-2;1
hadiah;3;1
haha;2;1
halangan;-3;1
halus;3;1
hama;-4;1
hambar;-3;1
hancur;-4;1
hangat;3;1
hangus;-3;1
haram;-5;1
harapan;4;1
harmoni;5;1
harmonik;5;1
harmonisasi;5;1
harumkan;4;1
hati-hati;4;1
haus;-2;1
hebat;3;1
heboh;2;1
hehe;1;1
hero;4;1
hey;2;1
hikmat;3;1
hiks;-3;1
hilang;-3;1
hina;-4;1
hinaan;-4;1
hiruk;-2;1
histeria;-2;1
histeris;-3;1
hiu;-1;1
hoho;-1;1
homo;-2;1
hore;4;1
hormat;4;1
hujat;-4;1
humor;4;1
ibadah;5;1
iblis;-5;1
idiot;-5;1
idolaku;4;1
ilegal;-4;1
ilegalitas;-3;1
imajinatif;4;1
iman;5;1
impersonal;3;1
impian;4;1
impulsif;-3;1
imut;4;1
indah;4;1
indahnya;4;1
inefisiensi;-4;1
inflasi;-4;1
ingus;-3;1
inkonsisten;-4;1
insentif;4;1
inspirasiku;4;1
inspirator;3;1
intelek;4;1
intoleran;-4;1
intrusi;-4;1
irasional;-4;1
iri;-4;1
ironi;-2;1
ironis;-2;1
jahat;-4;1
jalang;-5;1
jaminan;3;1
jarang;-1;1
jatuh;-3;1
jauh;-2;1
jeblok;-4;1
jeda;-1;1
jelas;4;1
jelek;-4;1
jengkel;-4;1
jenis;1;1
jera;-2;1
jeritan;-2;1
jijik;-4;1
jinak;2;1
jongos;-5;1
jujur;4;1
julukan;-2;1
jurang;-3;1
kabur;-4;1
kacau;-4;1
kacung;-4;1
kagum;4;1
kagumi;4;1
kaku;-2;1
kalah;-4;1
kalap;-4;1
kambuh;-3;1
kampungan;-5;1
kangen;4;1
kanibal;-4;1
kanker;-4;1
kasar;-3;1
kasihan;-1;1
kawin;-3;1
kaya;3;1
keanehan;-2;1
keangkuhan;-4;1
kebahagiaan;3;1
kebaikan;4;1
kebajikan;4;1
kebal;3;1
kebangetan;-3;1
kebanggaan;4;1
kebanting;-3;1
kebenaran;4;1
kebencian;-4;1
keberanian;4;1
keberatan;-3;1
keberhasilan;4;1
kebersamaan;4;1
kebingungan;-4;1
kebisingan;-3;1
kebo;-4;1
kebocoran;-3;1
kebodohan;-3;1
kebuntuan;-3;1
keburukan;-4;1
kecaman;-4;1
kecelakaan;-4;1
kecewa;-3;1
kecil;-1;1
kecurigaan;-3;1
kedengkian;-4;1
kedok;-4;1
kedutan;-1;1
keengganan;-3;1
kegagalan;-4;1
kegelapan;-2;1
kegelisahan;-4;1
kegembiraan;4;1
kegemukan;-4;1
kegilaan;-4;1
kegoyangan;-3;1
kehancuran;-4;1
kehilangan;-3;1
kehinaan;-4;1
keindahan;4;1
kejahatan;-4;1
kejam;-4;1
kejang;-3;1
kejatuhan;-2;1
keji;-5;1
kejujuran;4;1
kejutan;3;1
kek;-2;1
kekacauan;-4;1
kekakuan;-2;1
kekanak-kanakan;-3;1
kekasih;5;1
kekayaan;3;1
kekecewaan;-4;1
kekejaman;-4;1
kekeliruan;-3;1
kekerasan;-3;1
kekeringan;-4;1
kekhawatiran;-3;1
kekosongan;-2;1
kekuatan;3;1
kekurangan;-3;1
kelalaian;-4;1
kelambanan;-4;1
kelangkaan;-2;1
kelaparan;-4;1
kelebihan;3;1
keledai;-2;1
kelelahan;-2;1
kelemahan;-3;1
keletihan;-1;1
keliru;-3;1
keluar;-3;1
kelumpuhan;-4;1
kemacetan;-4;1
kemahalan;-4;1
kemakmuran;5;1
kemalangan;-4;1
kemalasan;-4;1
kemarahan;-4;1
kematian;-3;1
kembali;-1;1
kemenangan;4;1
kemerosotan;-4;1
kemiskinan;-3;1
kemudahan;3;1
kemuliaan;4;1
kemunafikan;-5;1
kemunduran;-4;1
kemurkaan;-4;1
kenakalan;-4;1
kencing;-3;1
kendala;-4;1
kenyamanan;4;1
kepalsuan;-4;1
keparahan;-4;1
keparat;-5;1
kepercayaan;4;1
kepo;-3;1
kepuasan;4;1
kepura-puraan;-4;1
kerahasiaan;-1;1
keramahan;4;1
keras;-3;1
kere;-5;1
keren;4;1
keren-keren;4;1
kerennya;4;1
kerepotan;-3;1
keributan;-3;1
kerikil;-1;1
kerinduan;3;1
keriuhan;-2;1
kerugian;-4;1
keruh;-4;1
kerumitan;-3;1
kerusakan;-4;1
kerusuhan;-4;1
kerut;-2;1
kesakitan;-2;1
kesalahan;-3;1
kesan;3;1
kesanggupan;3;1
kesannya;-3;1
kesedihan;-2;1
kesejukan;3;1
keseleo;-2;1
kesembronoan;-3;1
keserakahan;-5;1
keseriusan;4;1
keseruan;3;1
kesetiaan;4;1
kesia-siaan;-4;1
kesiapan;3;1
kesombongan;-5;1
kesukaan;3;1
kesukaran;-3;1
kesuksesan;4;1
kesulitan;-3;1
kesuraman;-3;1
kesusahan;-4;1
ketakutan;-4;1
ketangguhan;4;1
ketat;-2;1
ketegangan;-3;1
ketenaran;2;1
keterbatasan;-3;1
keterbelakangan;-4;1
keterbukaan;4;1
keterlaluan;-3;1
keterlibatan;-2;1
ketidakbenaran;-4;1
ketidakjujuran;-4;1
ketidakjujuranmu;-4;1
ketidakmampuan;-3;1
ketidaknyamanan;-3;1
ketidakpedulian;-4;1
ketidakpercayaan;-4;1
ketidakpuasan;-3;1
ketidaksamaan;-2;1
ketidaksenangan;-3;1
ketidakstabilan;-4;1
ketidaktaatan;-4;1
ketidaktelitian;-4;1
ketidaktepatan;-4;1
ketidaktertarikan;-3;1
keunggulan;4;1
kewajiban;2;1
kezaliman;-4;1
khas;4;1
khusus;-1;1
khusyuk;4;1
kikir;-4;1
kikuk;-2;1
klik;1;1
kloningan;-2;1
knalpot;-1;1
koar;-4;1
koar-koar;-4;1
kocok;-1;1
kok;-2;1
kokoh;4;1
kolusi;-4;1
kombatan;-3;1
komedi;4;1
komit;4;1
kompak;3;1
kompatible;4;1
komplikasi;-4;1
konflik;-4;1
konsisten;4;1
konspirasi;-4;1
konspirator;-4;1
konsumtif;-4;1
kontaminan;-3;1
kontroversi;-4;1
konyol;-4;1
korban;-3;1
korosi;-2;1
korosif;-2;1
korup;-4;1
korupsi;-4;1
kotor;-3;1
kotoran;-4;1
kram;-2;1
kreatif;4;1
kresek;-1;1
krisis;-3;1
kritik;-1;1
kritikan;-2;1
kritikus;-1;1
kritis;4;1
kronis;-4;1
kuat;4;1
kuburan;-2;1
kukira;-3;1
kuman;-3;1
kuno;-1;1
kurang;-2;1
kurangi;-1;1
kurungan;-3;1
kurus;-3;1
kusam;-3;1
kutukan;-4;1
kuyu;-3;1
kw;-4;1
laba;3;1
labil;-4;1
laku;3;1
lalai;-3;1
lama;-2;1
lamban;-2;1
lambat;-3;1
lampiran;1;1
langka;4;1
laporkan;-2;1
lawan;-2;1
layak;4;1
layu;-3;1
ledakan;-3;1
lega;4;1
lelah;-2;1
lelucon;-2;1
lemah;-3;1
lemak;-3;1
lemas;-3;1
lembut;4;1
lendir;-3;1
lenyap;-3;1
letih;-2;1
lezat;4;1
liar;-3;1
licik;-4;1
likuidasi;-1;1
limbah;-4;1
linglung;-4;1
lintas;-1;1
lipsync;-4;1
logis;4;1
lokalan;-2;1
lucu;4;1
luka;-3;1
lumayan;2;1
lumpuh;-3;1
lumrah;-2;1
lusuh;-3;1
mabuk;-5;1
mahal;-3;1
maju;4;1
maki-maki;-4;1
makmur;4;1
maksa;-4;1
malaikat;4;1
malang;-3;1
malapetaka;-4;1
malas;-4;1
malu;-3;1
malu-maluin;-4;1
mampu;4;1
mana;-4;1
manfaat;4;1
mangkal;-3;1
maniak;-4;1
manipulasi;-3;1
manis;4;1
manisnya;4;1
manja;-2;1
mantab;4;1
mantap;4;1
manusiawi;3;1
marah;-4;1
marjinal;-3;1
martir;-3;1
masalah;-4;1
masochis;-3;1
mati;-3;1
megah;1;1
melalaikan;-3;1
melanda;-3;1
melanggar;-4;1
melankolis;-2;1
melarang;-3;1
melawan;1;1
melecehkan;-4;1
meledak;-4;1
melelahkan;-3;1
melemahkan;-3;1
melempem;-3;1
melengking;-1;1
melengserkan;-4;1
melenyapkan;-4;1
melepaskan;-1;1
melepuh;-2;1
meleset;-3;1
melet;-4;1
melibatkan;-1;1
melikuidasi;-2;1
melilit;-3;1
melimpah;3;1
melimpahi;2;1
melodramatis;-3;1
melucu;2;1
melucuti;-2;1
melukai;-4;1
melulu;-3;1
melumpuhkan;-4;1
melumuri;-1;1
meluncur;1;1
memaafkan;4;1
memabukkan;-4;1
memadai;3;1
memadamkan;3;1
memainkan;3;1
memaksa;-4;1
memaksakan;-4;1
memalukan;-4;1
memanjakan;-3;1
memar;-3;1
memarahi;-4;1
memasang;1;1
mematikan;-2;1
membahayakan;-4;1
membajak;-3;1
membakar;-4;1
membalas;-2;1
membanding-bandingkan;-3;1
membandingkan;-3;1
membandingkannya;-3;1
membanggakan;4;1
membanjiri;-3;1
membantah;-3;1
membanting;-3;1
membantu;4;1
membasmi;-3;1
membatalkan;-3;1
membatasi;-3;1
membenci;-4;1
membengkokkan;-3;1
membentak;-4;1
memberhentikan;-2;1
memberikan;3;1
memberkati;3;1
membingungkan;-3;1
membisingkan;-3;1
membongkar;-2;1
membosankan;-3;1
membual;-4;1
membuang;-3;1
membuktikan;2;1
membully;-4;1
membunuh;-4;1
membusuk;-4;1
membutuhkan;2;1
memecah;-4;1
memecahkan;-2;1
memek;-4;1
memekik;-2;1
memeluk;4;1
memenangkan;4;1
memenjarakan;-4;1
memfitnah;-4;1
memikat;4;1
meminta-minta;-4;1
memisahkan;-3;1
memohon;-2;1
memperbudak;-4;1
memperingati;4;1
memperingatkan;3;1
memperkosa;-5;1
memperkuat;4;1
memperlambat;-3;1
mempermalukan;-4;1
mempermasalahkan;-3;1
mempersulit;-4;1
mempopulerkan;3;1
memprovokasi;-4;1
memuaskan;3;1
memudar;-3;1
memuja;-2;1
memukau;4;1
memukul;-4;1
memuliakan;3;1
memuntahkan;-3;1
memusnahkan;-4;1
memutuskan;-2;1
menafikan;-3;1
menahan;2;1
menajiskan;-3;1
menakjubkan;4;1
menaklukkan;-2;1
menakut-nakuti;-4;1
menakuti;-3;1
menakutkan;-4;1
menampar;-4;1
menang;4;1
menangguhkan;-2;1
menangis;-3;1
menangkal;2;1
menangkap;2;1
menantang;-3;1
menarik;1;1
mencabut;-2;1
mencaci;-4;1
mencampuri;-3;1
mencapai;3;1
mencatut;-3;1
mencekek;-4;1
mencekik;-4;1
mencela;-4;1
mencemari;-4;1
mencemarkan;-4;1
mencemooh;-4;1
mencibir;-5;1
mencintai;5;1
mencium;3;1
mencolok;-2;1
mencubit;-3;1
menculik;-4;1
mencuri;-4;1
mendambakan;3;1
mendengkur;-2;1
mendera;-2;1
menderita;-4;1
mendikte;-3;1
mendiskreditkan;-3;1
mendistorsi;-3;1
mendominasi;-2;1
mendorong;3;1
menduga;-2;1
mendukung;4;1
mendunia;5;1
mendustakan;-4;1
menegakkan;4;1
menegang;-2;1
meneguk;-1;1
menegur;2;1
menekan;-3;1
menelan;-1;1
meneliti;3;1
menembak;-1;1
menentang;-3;1
menentramkan;4;1
menertawakan;-2;1
menetap;1;1
menetralisir;4;1
mengabaikan;-3;1
mengacaukan;-4;1
mengagetkan;-3;1
mengagumkan;4;1
mengajak;4;1
mengalah;4;1
mengalahkan;1;1
mengalihkan;-3;1
mengalir;4;1
mengamputasi;-3;1
mengamuk;-4;1
mengancam;-4;1
menganggur;-4;1
menganiaya;-4;1
mengasihimu;4;1
mengatai;-4;1
mengawur;-4;1
mengayunkan;-1;1
mengecam;-3;1
mengecewakan;-4;1
mengecualikan;-3;1
mengejar;-1;1
mengejek;-4;1
mengejutkan;-1;1
mengeksekusi;-1;1
mengekspos;-1;1
mengelabui;-4;1
mengeluh;-4;1
mengemis;-4;1
mengenakan;3;1
mengepung;-1;1
mengerang;-1;1
mengerikan;-4;1
mengeruk;-3;1
mengerut;-2;1
menggagalkan;-1;1
menggairahkan;1;1
menggambarkan;1;1
mengganggu;-3;1
menggantung;-3;1
menggelapkan;-4;1
menggelegar;4;1
menggelepar;-3;1
menggeliat;-2;1
menggelikan;-2;1
menggemari;-3;1
menggemaskan;3;1
menggembirakan;4;1
menggemparkan;-2;1
menggenangi;-2;1
menggeram;-2;1
menggerutu;-3;1
menggigil;-2;1
menggila;-3;1
menggoda;-3;1
menggulingkan;-3;1
menggumpalkan;-1;1
mengguncang;-2;1
menggusur;-3;1
menghadapi;1;1
menghakimi;-4;1
menghalangi;-2;1
menghalau;-2;1
menghambat;-3;1
menghambur-hamburkan;-4;1
menghancurkan;-4;1
menghantam;-4;1
menghantui;-3;1
menghapuskan;-4;1
menghargai;5;1
mengharukan;3;1
menghiasi;4;1
menghibur;4;1
menghidupkan;4;1
menghilangkan;-3;1
menghina;-4;1
menghindari;-1;1
menghisap;-2;1
menghormati;4;1
menghujat;-5;1
menghukum;-2;1
mengigil;-2;1
mengikis;-1;1
mengilhami;4;1
menginfeksi;-3;1
mengingini;-1;1
mengingkari;-3;1
menginjak-injak;-4;1
menginspirasi;5;1
mengintai;-3;1
menginvasi;-4;1
mengkhianati;-4;1
mengobarkan;-1;1
mengobati;4;1
mengoceh;-3;1
mengolok-olok;-3;1
mengomeli;-3;1
mengotori;-4;1
mengoyakkan;-3;1
menguap;-1;1
mengubur;-1;1
mengucilkan;-4;1
mengulur-ulur;-3;1
mengundi;-2;1
menguntungkan;4;1
mengurangi;-2;1
menguras;-2;1
mengurungkan;-1;1
mengusir;-4;1
mengusut;3;1
mengutuk;-4;1
menikmati;4;1
menilai;1;1
menimbulkan;1;1
menimbun;-3;1
menindas;-4;1
meningkatkan;3;1
menipu;-5;1
menisik;-1;1
menjatuhkan;-3;1
menjejalkan;-2;1
menjemukan;-3;1
menjengkelkan;-3;1
menjerat;-3;1
menjerit;-3;1
menjijikkan;-4;1
menolak;-2;1
menonaktifkan;-1;1
menuding;-4;1
menuduh;-4;1
menular;-2;1
menumbangkan;-2;1
menunangkan;1;1
menunggu;-2;1
menuntut;-3;1
menurun;-2;1
menurunkan;-1;1
menusuk;-4;1
menutupi;-1;1
menyakitkan;-3;1
menyalahgunakan;-4;1
menyalahkan;-4;1
menyalak;-4;1
menyamarkan;-3;1
menyambut;3;1
menyangkal;-3;1
menyayangkan;1;1
menyebalkan;-4;1
menyedihkan;-3;1
menyedot;-1;1
menyegarkan;3;1
menyelinap;-3;1
menyelundupkan;-4;1
menyembunyikan;-2;1
menyemburkan;-1;1
menyenangkan;4;1
menyendiri;-1;1
menyensor;2;1
menyerah;-4;1
menyeramkan;-4;1
menyerang;-3;1
menyerap;1;1
menyerbu;-3;1
menyeret;-4;1
menyeringai;-2;1
menyesal;-4;1
menyesatkan;-5;1
menyiksa;-4;1
menyimpang;-4;1
menyinggung;-2;1
menyingkirkan;-3;1
menyita;-3;1
menyobek;-2;1
menyogok;-4;1
menyuap;-4;1
menyukai;4;1
menyumbat;-2;1
menyusahkan;-4;1
menyusup;-3;1
meragukan;-2;1
merajalela;-2;1
merampok;-4;1
merana;-4;1
merangkak;-2;1
merangsang;-1;1
merata;2;1
meratap;-2;1
merawat;4;1
merayakan;4;1
merebut;-2;1
mereda;3;1
meremehkan;-3;1
merendahkan;-4;1
merengek;-3;1
merenung;2;1
meresahkan;-3;1
merevitalisasi;4;1
meriah;3;1
meriam;-1;1
merinding;-1;1
meringankan;3;1
meringis;-2;1
merisaukan;-2;1
merobek;-3;1
merosot;-3;1
merugikan;-4;1
merundung;-3;1
merusak;-4;1
meskipun;-1;1
mesra;3;1
mesum;-4;1
mimpi;3;1
minim;-3;1
miring;-1;1
mirip;1;1
miris;-4;1
miskin;-3;1
mohon;1;1
monoton;-2;1
montok;-2;1
moral;4;1
muah;3;1
muak;-5;1
muda;4;1
mudah;3;1
mudah-mudahan;1;1
mulia;4;1
multitalenta;5;1
munafik;-5;1
mundur;-3;1
muntah;-3;1
murah;2;1
murahan;-4;1
muram;-2;1
murka;-4;1
murni;4;1
murung;-3;1
musuh;-4;1
naif;-3;1
naik;3;1
nakal;-3;1
nangis;-2;1
nasib;-1;1
naudzubillah;-5;1
negatif;-1;1
nekat;-2;1
neraka;-4;1
ngaku-ngaku;-4;1
ngeles;-4;1
ngeri;-4;1
ngobrol;3;1
ngomel;-4;1
nikmat;4;1
nilai;3;1
nol;-4;1
nomor;-1;1
nonsens;-3;1
norak;-5;1
normal;-1;1
numpang;-3;1
nyai;-4;1
nyaman;4;1
nyampah;-4;1
nyenyak;3;1
nyepam;-4;1
nyeri;-2;1
nyerocos;-4;1
nyindir;-3;1
nyinyir;-4;1
nyungsep;-5;1
oh;-1;1
ok;1;1
okay;1;1
oke;3;1
om-om;-4;1
omg;-2;1
omongan;-2;1
omongkosong;-4;1
openminded;4;1
oposisi;-1;1
optimal;4;1
optimis;5;1
optimisme;5;1
otentik;4;1
otokrasi;-1;1
otokrat;-2;1
padat;1;1
pahala;4;1
pahit;-2;1
pajak;-3;1
paksa;-4;1
paksaan;-4;1
palsu;-4;1
pamer;-4;1
pangsit;-1;1
panik;-3;1
panjang;1;1
pantas;3;1
pantura;-4;1
panutan;4;1
parah;-5;1
paranoid;-4;1
parasit;-4;1
parau;-3;1
partisi;-1;1
party;1;1
parut;-1;1
pasangan;4;1
patut;4;1
pecah;-2;1
pecandu;-4;1
pecundang;-4;1
peduli;4;1
pelacur;-4;1
pelaku;-2;1
pelakunya;-2;1
pelanggaran;-3;1
pelarian;-3;1
pelecehan;-4;1
peledak;-4;1
pelit;-4;1
pelonggaran;-2;1
pelosok;-4;1
peluk;3;1
pelukan;4;1
peluru;-3;1
pemalas;-4;1
pemalu;-2;1
pembajakan;-3;1
pembalasan;-4;1
pembangkang;-4;1
pembangkangan;-4;1
pembantaian;-4;1
pembatalan;-3;1
pemberang;-4;1
pemberontak;-4;1
pemberontakan;-4;1
pembesar;-2;1
pembohong;-4;1
pembuangan;-3;1
pembubaran;-3;1
pembunuh;-5;1
pembunuhan;-5;1
pemburu;-1;1
pembusukan;-4;1
pemeliharaan;4;1
pemenang;4;1
pemerasan;-4;1
pemerkosa;-5;1
pemisahan;-1;1
pemogokan;-3;1
pemukulan;-4;1
pemula;-1;1
pemuliaan;3;1
pemusnahan;-3;1
penanggung;-1;1
penawaran;-1;1
pencabutan;-2;1
pencemooh;-4;1
pencinta;4;1
pencuri;-4;1
pencurian;-4;1
pendek;-4;1
penderita;-3;1
penderitaan;-4;1
pendiri;3;1
pendukung;3;1
pendusta;-4;1
penebus;3;1
penetralan;3;1
pengacau;-4;1
pengangguran;-4;1
penganiayaan;-4;1
pengap;-3;1
pengasingan;-3;1
pengawasan;-2;1
pengecualian;-1;1
pengecut;-4;1
pengembara;2;1
pengemis;-4;1
pengepungan;-3;1
penggantian;-1;1
penggelapan;-4;1
penggugat;-3;1
penghalang;-3;1
penghargaan;4;1
penghidupan;4;1
penghinaan;-4;1
pengisap;-2;1
pengkhianat;-4;1
pengkhianatan;-4;1
pengotor;-3;1
pengunduran;-3;1
pengungsi;-2;1
penindasan;-4;1
penipu;-5;1
penipuan;-4;1
penjahat;-4;1
penjara;-4;1
penolakan;-4;1
pensiun;-1;1
penting;3;1
penuh;3;1
penyakit;-4;1
penyalahgunaan;-4;1
penyembah;-1;1
penyerangan;-4;1
penyesalan;2;1
penyihir;-4;1
penyiksaan;-4;1
penyitaan;-4;1
penyok;-4;1
penyusutan;-3;1
peperangan;-4;1
perampok;-4;1
perang;-4;1
perangkap;-4;1
perbesaran;-1;1
perbudakan;-4;1
percaya;4;1
perceraian;-4;1
percuma;-4;1
perdamaian;5;1
perfeksionis;-2;1
pergolakan;-3;1
perhatian;3;1
perih;-4;1
perintah;-2;1
perjuangan;4;1
perkara;-2;1
perkelahian;-4;1
perkosaan;-4;1
permusuhan;-4;1
persaingan;-2;1
perselisihan;-4;1
perseteruan;-4;1
pertempuran;-3;1
pertengkaran;-4;1
pertunangan;4;1
perubahan;4;1
perusak;-4;1
perzinahan;-5;1
pesat;3;1
pesimis;-4;1
pesona;4;1
petcah;5;1
picik;-4;1
pidana;-3;1
pikun;-3;1
pincang;-3;1
pingsan;-2;1
pintar;4;1
pionir;3;1
pisau;-1;1
popularitas;-1;1
populer;4;1
positif;4;1
potong;-1;1
prahara;-4;1
prestasi;2;1
produktif;4;1
propaganda;-3;1
proporsional;4;1
protes;-2;1
provokasi;-4;1
puas;3;1
pujian;4;1
pukulan;-4;1
punah;-4;1
pura-pura;-4;1
pusing;-3;1
racun;-4;1
radang;-3;1
radian;-1;1
radikal;-4;1
ragu-ragu;-3;1
rahasia;-1;1
rahmat;4;1
rakasa;-2;1
ramah;4;1
rapi;4;1
rapuh;-4;1
rasis;-4;1
ratapan;-4;1
reaktif;-2;1
redup;-2;1
regangan;-1;1
remeh;-3;1
rendah;-2;1
rengekan;-3;1
rentan;-3;1
repot;-2;1
repot-repot;-2;1
reruntuhan;-2;1
resah;-2;1
resmi;4;1
revolusi;3;1
rewel;-2;1
riang;4;1
rindu;4;1
risiko;-3;1
riuh;-3;1
robek;-4;1
roboh;-4;1
romantis;4;1
ruam;-3;1
rugi;-4;1
rumit;-3;1
rumor;-3;1
runtuh;-3;1
rusak;-4;1
rusuh;-4;1
sabar;4;1
sabotase;-4;1
saham;3;1
saingan;-2;1
sakit;-4;1
sakit-sakitan;-5;1
salah;-4;1
salut;4;1
samar;-2;1
samar-samar;-2;1
sampah;-4;1
santai;3;1
saraf;1;1
sayang;4;1
sayangnya;-2;1
sebaiknya;-2;1
sebaliknya;-1;1
sebenarnya;3;1
sebodoh;-4;1
sederhana;4;1
sedih;-3;1
sedu-sedan;-4;1
seenaknya;-4;1
sehat;4;1
sehebat;4;1
sejujurnya;3;1
sekarat;-4;1
sekeren;4;1
sekilas;-1;1
seksi;1;1
selamat;4;1
semangat;4;1
sembrono;-4;1
sementara;-1;1
sempurna;5;1
senang;4;1
sendirian;-2;1
sengatan;-2;1
sengit;-3;1
sengketa;-4;1
senjata;-3;1
sensasi;-2;1
sensitif;-2;1
sentimental;-2;1
senyum;4;1
sepele;-3;1
seperti;1;1
sepintas;-2;1
seram;-4;1
serampangan;-3;1
serangan;-4;1
serasi;4;1
serem;-4;1
seringai;-2;1
serius;4;1
seru;4;1
sesat;-4;1
sesuai;3;1
sesumbar;-4;1
setan;-4;1
setia;5;1
setuju;4;1
sewenang-wenang;-4;1
sexy;3;1
sia-sia;-4;1
sialan;-5;1
siap;4;1
sibuk;1;1
sigap;4;1
sihir;-4;1
sikap;1;1
siksaan;-4;1
silakan;3;1
silau;-2;1
siluman;-2;1
simpan;1;1
simpati;4;1
sindir;-4;1
singkat;1;1
sinis;-4;1
sinting;-4;1
sipit;-4;1
sirik;-4;1
skandal;-4;1
skors;-3;1
sok;-4;1
sombong;-4;1
sopan;4;1
spam;-4;1
spektakuler;4;1
spesial;3;1
stabil;4;1
statis;-2;1
stres;-3;1
stress;-4;1
suka;4;1
sukacita;5;1
sukai;3;1
sukses;4;1
sulit;-2;1
sumbang;-2;1
sumpah;2;1
sunyi;-1;1
supel;4;1
super;4;1
suram;-4;1
surga;5;1
surut;-3;1
susah;-3;1
suspensi;1;1
syirik;-4;1
syok;-3;1
taat;4;1
tabrakan;-2;1
tabu;-4;1
tai;-5;1
takhayul;-4;1
takut;-3;1
tandus;-5;1
tangguh;5;1
tanggungjawab;4;1
tantangan;4;1
tarif;-2;1
tawanan;-3;1
tawaran;3;1
tawuran;-4;1
teduh;4;1
tega;-4;1
tegang;-2;1
tegas;4;1
teguh;4;1
tekanan;-2;1
telat;-3;1
tembakan;-3;1
tempa;3;1
tempur;-3;1
tenang;4;1
tenggang;1;1
tenggelam;-3;1
tengik;-5;1
tentu;1;1
teramati;2;1
terampil;4;1
terang-benderang;4;1
terang-terangan;4;1
terasing;-4;1
teratur;4;1
terbahak-bahak;-3;1
terbaik;4;1
terbalik;-2;1
terbata-bata;-2;1
terbelah;-2;1
terbiasa;-1;1
terburuk;-4;1
tercekik;-3;1
tercela;-4;1
tercerah;5;1
tercinta;5;1
terdakwa;-4;1
terdepresiasi;-4;1
terfavorit;4;1
tergantung;-1;1
terhadap;-1;1
terhenti;-2;1
terhormat;4;1
teriak;-2;1
terindah;4;1
terisak;-2;1
terisak-isak;-2;1
terjaga;2;1
terjamin;3;1
terjawab;4;1
terkatakan;-1;1
terkekek-kekek;-2;1
terkenal;4;1
terkendali;4;1
terkesan;4;1
terkubur;-2;1
terkulai;-2;1
terkutuk;-5;1
terlambat;-4;1
terlatih;4;1
terlepas;-3;1
terletak;1;1
terlihat;1;1
terlindungi;4;1
termotivasi;3;1
ternilai;3;1
terobsesi;-2;1
teror;-4;1
teroris;-4;1
terpaku;-2;1
terpencil;-2;1
terperanjat;-2;1
tersedak;-2;1
tersedu-sedu;-3;1
terselubung;-2;1
tersembuhkan;3;1
tersentak;-2;1
tersenyum;4;1
terserah;-3;1
terserang;-3;1
tertahankan;-1;1
tertarik;4;1
tertawa;4;1
tertegun;-1;1
tertekan;-4;1
tertunduk;-1;1
tertutup;-4;1
tiba-tiba;-1;1
tinggi;2;1
tinju;-1;1
tipis;-1;1
tipu;-4;1
tipuan;-4;1
toleran;4;1
toleransi;4;1
tolol;-5;1
tombak;-1;1
top;4;1
totalitas;4;1
tragedi;-4;1
tragis;-4;1
trauma;-4;1
tua;-4;1
tuduhan;-4;1
tuh;-2;1
tuli;-2;1
tulus;5;1
tumpahan;-3;1
tumpul;-2;1
tunduk;-2;1
tunggakan;-2;1
turun;-4;1
tusukan;-2;1
udik;-5;1
ultimatum;-1;1
umpan;-2;1
unggul;4;1
unik;5;1
usang;-4;1
usil;-3;1
usir;-4;1
valid;4;1
vulgar;-4;1
wabah;-4;1
waduh;-3;1
wah;4;1
wajar;3;1
wakil;3;1
waktunya;1;1
waria;-4;1
waspada;4;1
waspadalah;3;1
wow;4;1
wtf;-4;1
yatim;-1;1
yeah;3;1
zina;-5;1
rasa;0;1
manis;5;1
original;0;1
enak;5;1
bau;-5;1
amis;-5;1
muntah;-5;1
enek;-5;1
doyan;5;1
segar;5;1
varian;0;1
porsi;0;1
porsi sedikit;-5;1
porsi banyak;5;1
sedikit;-1;1
kemasan rapi;5;1
praktis;5;1
mengandung;1;1
bergizi;5;1
bermanfaat;5;1
baik;5;1
bagus;5;1
konsumsi;5;1
terpenuhi;5;1
cerdas;3;1
perkembangan;3;1
pencernaan lancar;1;1
pencernaan ;1;1
nutrisi;3;1
organik;3;1
alergi;-5;1
andalan;4;1
motorik;3;1
probiotics;1;1
sehat;5;1
varian banyak;5;1
tekstur;1;1
mudah;3;1
kualitas;2;1
cocok;4;1
kemanisan;-3;1
stimulasi;5;1
ongkir mahal;-3;1
kosong;-3;1
pengiriman cepat;3;1
habis;-3;1
indomaret;0;1
alfamart;1;1
shopee;2;1
superindo;3;1
tokopedia;4;1
giant;0;1
stok habis;-3;1
stok banyak;4;1
blibli.com;0;1
blibli;0;1
lazada;0;1
sehat;5;1
gemuk;3;1
berisi;5;1
cerdas;5;1
alergi;-5;1
tidak ketemu;-3;1
muntah;-5;1
kembung;-5;1
sembelit;-5;1
lincah;5;1
pup;-2;1
mencret;-5;1
gede;5;1
murah;4;1
tidak suka;-5;1
mahal;-5;1
promo;3;1
selamat;3;1
hadiah;1;1
pemenang;1;1
ikut;1;1
yuk;1;1
keren;5;1
cobain;1;1
poin;1;1
menang;1;1
terpilih;1;1
sebar;1;1
tag;1;1
gmt;-3;1
kesukaan;5;1
favorit;5;1
kemitraan;1;1
milna;0;1
cerelac;0;1
promina;0;1
yummy bites;0;1
heinz;0;1
prenagen;0;1
anmum;0;1
lactamil;0;1
Enfamama;0;1
lovamil;0;1
sgm bunda;0;1
morinaga;0;1
morinagaplatinum;0;1
s26 procal;0;1
nutrilon;0;1
dancow;0;1
bebelac;0;1
emesis;0;1
esensis;0;1
nature puff;0;1
bmt;0;1
chilmil;0;1
chillmill;0;1
chilmill;0;1
chillkid;0;1
susu bendera;0;1
frisian flag;0;1
frisianflag;0;1
